plan_type,No,Yes,churn_rate_pct
Basic,279,109,28.09278350515464
Free,278,106,27.604166666666668
Pro,157,71,31.140350877192986
